11186,1,1,1,1,1,1,0,2017/09/04,2018/03/20
10576,1,1,1,1,1,1,0,2017/09/02,2018/03/20
11189,1,1,1,1,1,1,0,2017/12/11,2018/02/25
11187,1,1,1,1,1,1,0,2018/01/08,2018/03/20
11188,0,1,1,1,1,1,1,2017/12/11,2018/02/25
11182,0,0,0,0,0,0,1,2017/09/18,2018/03/18
11181,0,0,0,0,0,0,1,2017/09/10,2018/03/18
11185,0,0,0,0,0,0,1,2017/09/10,2018/03/18
11184,1,0,0,0,0,0,0,2017/09/11,2018/03/19
11183,0,0,0,0,0,0,1,2017/09/18,2018/03/18
10643,0,0,0,0,0,0,1,2017/12/10,2018/03/18
11053,0,0,0,0,0,1,0,2017/09/02,2017/11/05
11286,0,0,0,0,0,1,0,2017/09/02,2017/12/09
11279,0,0,0,0,0,0,1,2017/09/03,2017/12/03
11280,1,0,0,0,0,0,0,2017/09/25,2017/12/04
11284,1,0,0,0,0,0,0,2017/12/11,2018/03/19
11283,0,0,0,0,0,0,1,2017/12/24,2017/12/31
11282,0,0,0,0,0,0,1,2018/01/01,2018/03/18
11285,0,1,1,1,1,1,0,2017/12/26,2017/12/30
11289,0,1,1,1,1,1,0,2017/12/12,2018/03/20
11287,0,0,0,0,0,0,1,2017/12/25,2018/03/18
11288,1,1,1,1,1,1,0,2017/12/11,2018/03/20
11290,0,0,0,0,0,0,1,2017/12/25,2018/03/18
11266,0,0,0,0,0,1,0,2017/12/16,2018/03/17
10596,1,1,1,1,1,0,0,2018/01/01,2018/03/20
11277,0,1,1,1,1,1,0,2017/09/02,2017/12/09
11276,0,1,1,1,1,1,0,2017/09/02,2017/12/09
11265,1,1,1,1,1,0,0,2017/09/04,2017/12/08
11267,1,1,1,1,1,0,1,2018/01/01,2018/03/20
10991,0,1,1,1,1,0,0,2017/12/26,2017/12/29
11270,0,0,0,0,0,1,0,2018/01/01,2018/03/17
10839,1,1,1,1,1,0,0,2017/12/11,2018/03/20
11278,0,0,0,0,0,1,1,2017/12/10,2018/03/18
11273,0,0,0,0,0,0,1,2017/12/10,2018/03/18
11268,1,1,1,1,1,0,1,2017/12/10,2018/03/20
11264,0,0,0,0,0,1,0,2017/09/18,2017/11/05
10597,1,1,1,1,1,0,0,2017/09/04,2017/12/08
11272,0,0,0,0,0,0,1,2017/09/18,2017/12/03
11274,1,1,1,1,1,1,0,2017/12/11,2018/03/20
11241,1,1,1,1,1,0,1,2017/12/10,2018/03/20
10833,0,0,0,0,0,1,0,2017/12/16,2018/03/17
11275,1,1,1,1,1,0,0,2018/01/01,2018/03/20
11271,1,1,1,1,1,0,1,2017/12/10,2018/03/20
11299,1,1,1,1,1,1,1,2017/12/10,2018/03/20
11298,1,1,1,1,1,0,0,2017/12/11,2018/03/20
11297,1,1,1,1,1,1,0,2017/12/11,2018/03/20
11291,1,1,1,1,1,1,0,2018/01/01,2018/03/20
11292,1,1,1,1,1,1,1,2017/12/10,2018/03/20
11296,1,1,1,1,1,1,1,2017/12/10,2018/03/20
11293,1,1,1,1,1,1,0,2017/09/02,2017/12/09
11295,1,1,1,1,1,1,1,2017/12/10,2018/03/20
11294,1,1,1,1,1,1,0,2017/09/02,2017/12/09
11305,0,1,1,1,1,1,0,2017/12/12,2018/03/20
11306,0,1,1,1,1,1,0,2017/12/12,2018/03/20
11300,1,1,1,1,1,0,1,2017/12/10,2018/03/20
11303,1,1,1,1,1,0,1,2017/12/10,2018/03/20
11304,1,1,1,1,1,1,1,2017/12/10,2018/03/20
11302,1,0,0,0,0,0,0,2017/09/25,2017/12/04
10636,1,1,1,1,1,1,0,2017/12/11,2018/03/20
11301,0,1,1,1,1,0,0,2017/09/05,2017/12/08
11235,0,0,0,0,0,0,1,2017/09/03,2017/12/03
11307,0,0,0,0,0,0,1,2017/12/10,2018/03/18
11190,1,1,1,1,1,1,1,2017/09/02,2017/12/09
10611,1,1,1,1,1,1,1,2017/12/10,2018/03/20
11874,1,1,1,1,1,0,0,2018/01/01,2018/03/20
11873,1,1,1,1,1,0,0,2018/01/08,2018/01/28
11876,1,1,1,1,1,0,0,2017/09/05,2017/12/08
11871,1,1,1,1,1,0,0,2017/10/02,2017/12/08
11878,1,1,1,1,1,0,0,2017/09/04,2017/12/08
11877,1,1,1,1,1,0,0,2017/09/04,2017/12/08
11080,1,1,1,1,1,0,0,2017/09/04,2017/09/22
11174,0,1,1,1,1,1,0,2017/09/05,2017/09/23
10880,1,1,1,1,1,0,0,2017/09/04,2017/09/08
11427,1,1,1,1,1,0,0,2017/10/02,2017/10/13
11935,1,0,0,0,0,0,1,2017/12/24,2017/12/31
11934,0,0,0,0,0,1,1,2017/09/03,2017/11/26
11941,0,0,0,0,0,1,1,2017/09/02,2018/03/18
11939,1,1,1,1,1,0,0,2018/02/19,2018/03/20
11942,0,0,0,0,0,1,1,2017/09/02,2018/03/18
11936,0,0,0,0,0,1,1,2017/09/02,2018/03/18
11938,1,1,1,1,1,0,0,2018/01/01,2018/02/04
11937,0,0,0,0,0,1,1,2017/09/02,2018/03/18
11950,0,0,0,0,0,1,0,2018/01/01,2018/03/17
11948,0,0,0,0,0,1,1,2017/12/04,2018/03/18
11951,0,0,0,0,0,1,1,2017/12/04,2018/03/18
11943,1,1,1,1,1,1,1,2017/09/02,2017/12/10
11945,0,0,0,0,0,1,1,2017/09/03,2017/11/26
11944,1,0,0,0,0,0,1,2017/09/02,2018/03/19
11946,1,0,0,0,0,0,1,2017/09/02,2018/03/19
11947,1,1,1,1,1,1,1,2017/11/13,2017/12/10
11949,1,1,1,1,1,1,1,2017/09/03,2017/12/10
11953,0,0,0,0,0,1,1,2018/01/01,2018/03/18
11962,0,0,0,0,0,1,1,2017/12/04,2018/03/18
11964,0,0,0,0,0,0,1,2017/12/04,2018/03/18
11963,0,0,0,0,0,1,0,2018/01/01,2018/03/17
11961,1,1,1,1,1,1,1,2017/10/16,2017/12/10
11958,1,1,1,1,1,1,1,2017/10/16,2017/12/10
11955,0,0,0,0,0,1,1,2018/01/01,2018/03/18
11954,1,1,1,1,1,0,0,2017/09/05,2017/12/08
11959,0,1,1,1,1,1,1,2017/11/06,2017/12/10
11957,0,0,0,0,0,1,1,2017/09/02,2017/09/24
11960,0,1,1,1,1,1,0,2018/02/19,2018/03/20
10607,0,0,0,0,0,1,1,2017/12/10,2018/03/18
11892,1,0,0,0,0,0,0,2017/09/11,2017/09/18
11890,1,0,0,0,0,0,1,2018/02/04,2018/02/19
11879,0,0,0,0,0,1,1,2018/01/29,2018/02/18
11883,0,0,0,0,0,1,1,2018/02/03,2018/02/18
11887,0,0,0,0,0,0,1,2017/09/10,2017/09/17
11888,0,0,0,0,0,0,1,2017/09/18,2017/10/08
11889,0,0,0,0,0,1,1,2018/01/29,2018/02/18
11893,0,0,0,0,0,1,0,2017/09/11,2017/10/29
11910,1,1,1,1,1,1,0,2017/09/02,2018/03/20
10827,1,1,1,1,1,0,0,2017/09/04,2018/03/20
11911,1,1,1,1,1,1,1,2017/10/30,2017/11/26
10689,1,1,1,1,1,0,0,2017/09/25,2017/09/29
11912,1,1,1,1,1,1,1,2017/10/30,2017/11/26
11914,1,1,1,1,1,0,0,2017/10/30,2017/12/03
11916,1,1,1,1,1,1,1,2017/09/25,2017/12/24
11913,1,1,1,1,1,1,1,2017/10/30,2017/11/26
11108,1,1,1,1,1,0,0,2017/10/16,2017/10/20
11896,0,0,0,0,0,0,1,2017/09/03,2018/03/18
11991,1,1,1,1,1,1,1,2018/01/29,2018/03/04
11992,1,1,1,1,1,1,1,2018/01/29,2018/03/04
11894,1,1,1,1,1,1,0,2017/09/02,2018/03/20
11988,0,0,0,0,0,1,0,2017/12/18,2018/03/10
12000,0,0,0,0,0,1,1,2017/09/02,2018/03/18
11908,0,0,0,0,0,0,1,2017/09/03,2018/03/18
11999,1,1,1,1,1,1,1,2017/09/02,2018/03/18
11998,1,1,1,1,1,1,1,2017/09/03,2018/03/20
11993,1,1,1,1,1,0,0,2018/02/19,2018/02/23
11994,0,0,0,0,0,1,1,2017/09/02,2017/10/01
11995,1,1,1,1,1,1,1,2018/01/29,2018/03/04
11997,1,1,1,1,1,1,1,2017/09/02,2018/03/18
11996,1,1,1,1,1,1,1,2018/01/29,2018/03/04
11990,1,1,1,1,1,1,0,2017/09/02,2018/03/20
11989,0,0,0,0,0,1,0,2017/12/18,2018/02/10
12001,0,0,0,0,0,0,1,2017/09/03,2018/03/18
10593,0,0,0,0,0,1,1,2017/11/04,2017/11/05
11123,0,1,1,1,1,1,0,2017/10/17,2017/10/21
11072,0,1,1,1,1,1,0,2017/09/26,2017/09/30
11924,1,1,1,1,1,0,0,2018/01/29,2018/02/18
11925,1,1,1,1,1,0,0,2017/09/05,2018/03/20
11926,1,1,1,1,1,1,0,2017/09/02,2018/03/20
11927,1,1,1,1,1,1,0,2018/01/29,2018/02/18
11929,1,1,1,1,1,1,0,2017/09/02,2018/03/20
11930,1,1,1,1,1,0,1,2017/09/03,2018/03/20
11972,1,1,1,1,1,0,0,2017/09/04,2017/12/10
11973,0,1,1,1,1,1,1,2017/09/02,2017/12/10
11974,0,0,0,0,0,1,1,2017/09/03,2017/11/26
11971,0,0,0,0,0,0,1,2017/09/03,2017/11/26
11970,1,1,1,1,1,1,0,2017/09/04,2017/12/09
11969,0,0,0,0,0,1,1,2017/12/04,2018/03/18
11967,1,0,0,0,0,0,1,2017/09/02,2018/03/19
11968,0,0,0,0,0,1,1,2017/09/02,2018/03/18
11965,0,0,0,0,0,1,1,2017/09/02,2017/09/24
11966,0,0,0,0,0,1,1,2018/01/01,2018/03/18
11975,0,0,0,0,0,1,1,2018/01/01,2018/03/18
11976,0,0,0,0,0,1,1,2017/09/03,2017/10/29
10845,1,1,1,1,1,0,0,2017/10/02,2017/10/06
11978,0,0,0,0,0,1,1,2018/01/01,2018/03/18
11124,1,1,1,1,1,0,0,2017/10/09,2017/10/13
11977,1,1,1,1,1,1,1,2017/11/13,2017/12/10
11979,0,0,0,0,0,1,1,2017/12/04,2018/03/18
11980,1,1,1,1,1,1,1,2017/09/02,2017/12/09
11931,1,1,1,1,1,1,1,2017/12/10,2018/03/20
11928,1,1,1,1,1,1,0,2017/09/02,2017/09/17
11881,0,0,0,0,0,0,1,2017/09/09,2017/09/17
11885,0,0,0,0,0,0,1,2018/02/04,2018/02/18
11880,0,0,0,0,0,1,1,2018/01/29,2018/02/18
11919,1,1,1,1,1,1,1,2017/09/02,2017/11/26
11920,1,1,1,1,1,1,1,2017/10/30,2017/11/26
11921,1,1,1,1,1,0,0,2018/01/29,2018/02/18
11922,1,1,1,1,1,0,0,2018/01/29,2018/02/18
11918,1,1,1,1,1,1,0,2017/12/11,2018/03/20
11917,1,1,1,1,1,1,0,2018/01/08,2018/01/28
11895,1,1,1,1,1,1,0,2017/09/11,2017/10/29
11986,0,0,0,0,0,1,1,2018/01/01,2018/01/28
11909,1,1,1,1,1,1,0,2017/12/11,2018/03/20
11906,1,1,1,1,1,1,1,2017/09/02,2018/03/20
11907,1,1,1,1,1,1,1,2017/09/02,2018/03/20
11897,1,1,1,1,1,1,1,2017/09/02,2018/03/20
11899,1,1,1,1,1,1,1,2018/01/29,2018/03/04
11900,1,1,1,1,1,1,1,2018/01/29,2018/03/04
11901,1,1,1,1,1,1,1,2018/01/29,2018/03/04
11905,1,1,1,1,1,1,1,2017/09/02,2018/03/20
11903,1,1,1,1,1,1,1,2017/09/02,2018/03/18
11904,0,0,0,0,0,1,1,2017/09/02,2018/03/18
11336,0,0,0,0,0,1,1,2017/09/16,2017/09/24
11420,1,1,1,1,1,0,0,2017/10/16,2017/12/08
11407,0,0,0,0,0,1,1,2017/09/30,2017/10/15
11343,0,0,0,0,0,0,1,2017/09/17,2017/09/24
11061,0,0,0,0,0,1,1,2017/12/10,2018/03/18
11370,1,1,1,1,1,1,0,2017/12/11,2018/03/20
11421,1,1,1,1,1,0,0,2017/09/18,2017/10/13
11419,0,0,0,0,0,1,1,2017/10/16,2017/11/05
11045,1,1,1,1,1,0,0,2017/09/18,2017/09/22
11423,1,1,0,0,0,0,0,2017/09/04,2017/09/05
10780,1,1,1,1,1,0,0,2017/09/25,2017/10/13
11426,1,1,1,1,1,0,0,2017/10/16,2017/12/08
11330,0,0,0,0,0,1,0,2017/09/16,2017/09/23
11425,1,1,1,1,1,1,0,2017/09/11,2017/09/24
11410,1,1,1,1,1,1,1,2017/09/18,2017/10/15
11367,0,0,0,0,0,1,1,2018/03/17,2018/03/18
11411,0,0,0,0,0,1,0,2017/11/11,2017/11/18
11408,0,0,0,0,0,1,1,2017/12/10,2018/03/11
11413,0,0,0,0,0,1,1,2017/10/16,2017/11/05
11366,1,1,1,1,1,1,1,2017/12/10,2018/03/20
11412,1,1,1,1,1,1,1,2017/11/20,2017/12/09
10707,1,1,1,1,1,0,0,2017/10/23,2017/10/27
11404,0,0,1,1,1,0,0,2017/11/01,2017/11/03
11402,0,1,1,0,0,0,0,2017/09/05,2017/09/06
11403,1,1,0,0,0,0,0,2017/10/30,2017/10/31
11405,1,1,1,1,0,0,0,2017/11/13,2017/11/16
11409,0,0,0,0,0,1,1,2017/09/30,2017/10/14
11406,0,0,0,0,0,1,1,2017/10/30,2017/12/09
11414,0,0,0,0,0,0,1,2017/10/01,2017/10/15
11416,0,0,0,0,0,1,1,2017/09/30,2017/10/15
11424,1,1,1,1,1,1,0,2017/10/16,2017/11/12
11422,1,1,1,1,1,1,0,2017/09/18,2017/10/14
11377,0,0,0,0,0,0,1,2017/12/10,2018/03/11
11415,0,0,0,0,0,0,1,2017/10/16,2017/11/05
11417,0,0,0,0,0,1,1,2017/11/20,2017/12/09
11418,0,0,0,0,0,1,1,2017/10/16,2017/11/12
11340,0,0,0,0,0,0,1,2017/10/01,2017/10/08
11345,1,0,0,0,0,0,0,2017/09/18,2017/09/25
11346,1,0,0,0,0,0,0,2017/10/02,2017/10/09
11342,0,0,0,0,0,1,0,2017/09/30,2017/10/07
11344,0,0,0,0,0,0,1,2017/09/25,2017/10/08
11347,1,1,1,1,1,0,0,2017/10/09,2017/12/08
10751,1,1,1,1,0,0,0,2017/09/25,2017/09/28
10847,1,1,1,1,0,0,0,2017/09/11,2017/09/14
11079,1,1,1,1,1,0,0,2017/09/04,2017/09/10
11339,1,1,1,1,0,0,0,2017/10/02,2017/10/05
11341,1,1,1,1,1,0,0,2018/02/12,2018/03/20
11042,1,1,1,1,0,0,0,2017/09/18,2017/09/21
11361,0,0,0,0,0,1,1,2017/10/09,2017/12/09
11324,1,1,1,1,1,1,1,2017/09/02,2017/12/09
11328,0,0,0,0,0,1,1,2017/10/09,2017/12/09
11362,1,1,1,1,1,1,1,2017/09/02,2017/12/09
11385,1,1,1,1,1,0,0,2017/12/26,2018/03/20
11392,1,1,1,1,1,1,1,2017/12/25,2018/02/11
11388,1,1,1,1,1,1,1,2017/12/10,2018/03/20
11338,1,1,1,1,1,1,1,2017/09/02,2017/12/09
10836,0,1,1,0,0,0,0,2017/11/28,2017/11/29
11036,0,1,1,1,1,0,0,2017/09/12,2017/09/15
11437,0,0,0,0,1,1,0,2017/09/15,2017/09/16
11436,1,1,1,1,1,1,1,2017/09/02,2017/12/09
11434,1,1,1,1,1,1,1,2017/10/09,2017/12/09
11435,1,1,1,1,1,1,1,2017/12/10,2018/03/20
10750,0,1,1,1,1,0,0,2017/09/26,2017/09/29
11438,1,1,1,1,1,0,0,2018/01/29,2018/02/09
11043,0,1,1,1,1,0,0,2017/09/19,2017/09/22
11429,1,0,0,0,0,0,0,2017/10/30,2017/11/26
10999,0,1,1,1,1,1,0,2017/09/05,2017/09/09
11430,0,1,1,1,1,1,1,2017/11/13,2017/11/26
11428,1,1,1,1,1,1,1,2017/10/09,2017/12/09
10998,0,1,1,1,1,0,0,2017/10/03,2017/10/06
11432,1,1,1,1,1,0,0,2017/10/09,2017/12/08
11433,1,1,1,1,1,1,1,2017/10/09,2017/12/09
11431,1,1,1,1,0,0,0,2017/09/18,2017/09/24
11399,1,1,1,1,1,0,0,2017/09/04,2017/09/29
11354,1,1,1,1,1,0,0,2017/12/11,2017/12/22
11017,1,1,1,1,1,0,0,2017/09/11,2017/09/15
11401,1,1,1,1,1,0,0,2017/09/25,2017/10/06
11400,1,1,1,1,0,0,0,2017/09/25,2017/10/05
11333,1,1,1,1,1,1,1,2017/10/09,2017/11/05
11334,1,1,1,1,1,1,1,2017/10/09,2017/12/09
11335,0,0,0,0,0,1,1,2017/10/09,2017/12/09
11332,0,0,0,0,1,1,1,2017/09/15,2017/09/24
11331,1,1,1,1,1,1,1,2017/09/02,2017/12/09
11329,1,1,1,1,1,0,1,2017/09/11,2017/10/08
11337,1,1,1,1,1,1,1,2017/09/02,2017/12/09
11352,0,1,1,1,1,1,0,2017/10/09,2017/12/09
11349,1,0,0,0,0,0,1,2017/10/01,2017/10/09
11348,0,0,0,0,1,0,0,2017/09/15,2017/09/22
11083,0,1,1,1,1,1,0,2017/09/12,2017/09/16
11081,0,1,1,1,1,1,0,2017/09/19,2017/09/23
11351,0,0,0,0,0,0,1,2017/09/18,2017/10/08
11350,0,1,1,1,1,1,0,2018/02/05,2018/03/20
11393,0,0,0,0,0,1,1,2017/09/02,2017/12/09
11391,0,0,0,0,0,1,1,2017/12/10,2018/03/18
11397,1,1,1,1,1,1,1,2017/12/10,2018/03/19
11396,1,1,1,1,1,0,0,2017/12/11,2018/03/20
11394,0,0,0,0,0,1,0,2017/12/16,2018/03/17
11395,1,1,1,1,1,0,0,2017/10/09,2017/12/08
11386,0,0,0,0,0,1,1,2017/12/10,2018/03/18
11389,1,1,1,1,1,1,1,2017/09/02,2017/12/09
11390,0,0,0,0,1,1,1,2017/10/09,2017/12/09
11387,1,1,1,1,1,0,0,2017/12/11,2018/03/20
11398,0,1,1,1,1,0,0,2018/01/03,2018/02/09
11369,1,1,1,1,1,0,0,2017/09/25,2017/10/16
11376,1,1,1,1,1,0,0,2017/10/16,2017/12/08
11383,1,1,1,1,1,1,1,2017/10/16,2017/12/09
11363,1,1,1,1,0,0,0,2017/10/09,2017/10/16
11364,1,1,1,1,1,0,0,2017/10/17,2017/12/08
11371,1,1,1,1,1,1,1,2017/10/16,2017/12/09
11368,1,1,1,1,1,1,0,2017/11/13,2017/12/09
11372,0,0,0,0,0,1,1,2017/11/18,2017/11/19
11375,1,1,1,1,1,0,0,2017/09/25,2017/10/16
11374,1,1,1,1,1,1,1,2017/10/16,2017/12/09
11373,1,1,1,1,1,0,0,2017/10/09,2017/10/16
11365,1,1,1,1,1,1,1,2017/10/16,2017/12/09
11378,1,1,1,1,1,0,0,2017/09/18,2017/10/16
11382,1,1,1,1,1,0,1,2017/12/10,2018/03/20
11380,0,0,0,0,0,0,1,2017/10/09,2017/12/03
11381,1,1,1,1,1,0,1,2017/10/16,2017/12/08
11327,1,1,1,1,1,1,1,2017/10/09,2017/12/09
11326,1,1,1,1,1,1,1,2017/09/02,2017/12/09
11325,1,1,1,1,1,0,0,2017/09/11,2017/10/08
11358,0,0,0,0,0,1,0,2017/12/16,2017/12/23
11359,0,1,1,1,1,0,0,2017/12/12,2017/12/22
11360,0,0,0,0,0,1,1,2017/10/09,2017/12/09
11353,1,1,1,1,1,0,0,2017/09/04,2017/12/08
11355,1,1,1,1,1,0,0,2018/02/12,2018/03/20
11356,1,1,1,1,0,0,0,2017/10/09,2017/12/07
11357,1,1,1,1,1,0,0,2017/10/09,2017/12/08
11439,0,1,1,1,1,0,0,2018/02/13,2018/03/20
11686,1,1,1,1,1,1,0,2017/09/02,2018/03/20
11691,1,1,1,1,1,1,1,2017/12/10,2018/03/20
11687,1,1,1,1,1,1,1,2017/09/02,2018/03/20
11685,0,0,0,0,0,0,1,2017/09/03,2018/01/07
11690,1,1,1,1,1,0,1,2017/09/03,2018/03/20
11688,0,0,0,0,0,1,0,2017/09/02,2017/11/05
11689,0,0,0,0,0,1,1,2017/09/02,2018/01/07
12031,1,0,0,0,0,0,1,2017/09/04,2017/11/12
12028,1,1,1,1,1,1,1,2017/09/02,2018/03/20
12025,1,1,1,1,1,1,0,2017/09/02,2018/03/20
12022,0,0,0,0,0,1,1,2017/09/02,2018/03/18
12023,0,0,0,0,0,1,0,2017/11/13,2018/03/17
10828,0,0,0,0,0,1,0,2017/11/13,2018/03/17
12029,1,1,1,1,1,1,1,2017/09/02,2018/03/20
12017,1,1,1,1,1,1,1,2017/09/02,2018/03/20
12016,0,0,0,0,0,1,1,2017/09/02,2018/03/18
12030,0,0,0,0,0,1,1,2017/09/02,2018/03/18
12026,1,1,1,1,1,1,1,2017/09/02,2018/03/20
12027,1,0,0,0,0,0,1,2017/09/03,2018/03/19
12024,1,1,1,1,1,1,0,2017/09/02,2018/03/20
12018,1,1,1,1,1,1,1,2017/12/11,2018/03/20
12021,1,1,1,1,1,0,0,2017/11/13,2017/12/08
12019,0,0,0,0,0,1,1,2017/09/02,2018/03/18
11782,1,1,1,1,1,1,1,2017/09/02,2017/11/05
11776,1,1,1,1,1,1,1,2017/09/02,2017/12/09
11781,1,0,0,0,0,0,1,2017/09/25,2017/10/08
11780,0,1,1,1,1,1,0,2017/10/03,2017/10/14
11117,0,0,0,0,0,1,1,2017/09/02,2017/12/09
11802,0,0,0,0,0,1,1,2017/09/03,2017/12/09
11849,1,1,1,1,1,1,0,2017/12/11,2018/02/25
11847,1,1,1,1,1,1,1,2017/09/03,2017/12/09
11848,1,1,1,1,1,1,1,2017/12/10,2018/02/25
11851,1,1,1,1,1,1,1,2017/12/10,2018/02/25
11850,1,1,1,1,1,1,1,2017/12/10,2018/02/25
11797,1,1,1,1,1,0,0,2017/12/11,2018/02/25
11859,0,0,0,0,0,1,1,2017/11/11,2017/11/19
11798,1,1,1,1,1,0,0,2017/12/11,2018/02/11
11800,0,1,1,1,1,1,0,2017/12/12,2018/02/11
11860,0,0,0,0,0,0,1,2017/11/11,2017/11/19
11789,1,0,0,0,0,0,1,2017/12/17,2018/02/04
11729,0,0,0,0,0,1,1,2018/01/08,2018/01/28
11793,0,0,0,0,0,0,1,2017/10/02,2017/10/08
11786,1,1,1,1,1,1,1,2017/10/09,2017/12/08
11794,1,1,1,1,1,1,1,2017/10/16,2017/11/05
11795,1,1,1,1,1,1,1,2017/09/02,2017/12/09
11722,1,1,1,1,1,1,1,2017/09/02,2018/03/20
11721,1,1,1,1,1,1,1,2017/09/02,2018/03/20
11720,0,0,0,0,0,1,1,2017/12/11,2018/01/28
11730,1,1,1,1,1,1,1,2017/09/02,2018/03/20
11727,0,0,0,0,0,1,0,2017/12/11,2018/01/28
11726,1,1,1,1,1,0,0,2017/09/05,2018/03/20
11779,1,1,1,1,1,0,0,2018/01/01,2018/01/14
11778,1,1,1,1,1,1,1,2017/09/02,2018/01/28
11777,0,0,0,0,0,1,1,2017/12/11,2018/01/28
11723,1,1,1,1,1,1,1,2017/10/16,2018/01/21
11724,1,1,1,1,1,1,0,2018/01/22,2018/02/11
11856,0,1,0,1,1,0,0,2017/12/12,2018/02/25
11857,1,1,1,1,1,1,0,2017/09/04,2017/12/09
10748,0,0,0,0,0,1,1,2017/09/16,2017/09/17
11862,1,0,0,0,0,0,0,2017/10/02,2017/10/23
11833,1,1,1,1,1,1,1,2017/09/02,2017/12/09
11832,1,1,1,1,1,1,1,2017/09/02,2017/12/09
11835,0,0,0,0,0,0,1,2018/01/15,2018/03/18
11836,0,0,0,0,0,0,1,2017/09/18,2017/12/03
11834,1,1,1,1,1,1,0,2017/09/11,2017/09/24
11819,1,1,1,1,1,1,1,2017/09/02,2017/12/09
11829,0,0,0,0,0,1,1,2017/09/03,2017/11/05
11825,0,0,0,0,0,1,1,2017/11/20,2018/03/18
11827,0,0,0,0,0,0,1,2017/09/03,2017/11/05
11826,0,0,0,0,0,1,0,2017/09/25,2017/11/05
11817,0,0,0,0,0,1,1,2017/09/02,2017/11/05
11823,0,0,0,0,0,1,1,2017/09/18,2017/11/05
11824,0,0,0,0,0,1,1,2017/09/25,2017/11/05
11828,1,1,1,1,1,1,0,2017/09/11,2017/09/24
11818,1,1,1,1,1,0,1,2017/09/11,2017/09/24
11820,0,0,0,0,0,1,1,2017/09/02,2017/11/05
11837,0,0,0,0,0,1,0,2017/09/18,2017/11/05
11831,0,0,0,0,0,1,0,2017/11/20,2018/03/17
11822,0,0,0,0,0,1,1,2017/11/20,2018/03/18
11821,1,1,1,1,1,0,0,2018/01/08,2018/02/04
11816,1,1,1,1,1,1,1,2017/09/02,2017/12/09
11830,0,0,0,0,0,1,1,2017/11/20,2018/03/18
11701,0,0,0,0,0,1,1,2017/12/10,2018/03/18
11702,0,0,0,0,0,1,1,2017/09/25,2017/12/09
11697,1,0,0,0,0,0,1,2017/11/06,2017/12/03
11698,0,0,0,0,0,0,1,2017/12/10,2017/12/31
11696,0,1,1,1,1,1,0,2017/11/07,2017/12/03
11700,1,0,0,0,0,0,0,2018/01/08,2018/03/19
11715,0,0,0,0,0,1,1,2017/10/23,2017/12/09
11713,0,0,0,0,0,1,0,2017/11/13,2017/12/09
11714,0,0,0,0,0,1,0,2018/01/15,2018/02/25
11716,1,1,1,1,1,1,1,2017/12/10,2018/03/20
11712,0,0,0,0,0,1,1,2018/01/15,2018/02/25
11711,1,1,1,1,1,1,1,2017/09/02,2017/12/09
11719,1,1,1,1,1,1,0,2017/09/02,2017/12/09
11704,1,1,1,1,1,0,1,2017/09/11,2017/09/24
11717,1,1,1,1,1,0,1,2018/01/01,2018/01/14
11718,1,1,1,1,1,0,0,2018/02/19,2018/03/16
11703,0,0,0,0,0,1,1,2018/01/15,2018/02/25
11705,0,0,0,0,0,1,1,2017/09/25,2017/10/08
11710,1,1,1,1,1,1,1,2017/12/10,2018/03/20
11707,1,1,1,1,1,1,1,2017/11/06,2017/12/04
11708,0,0,0,0,0,1,1,2017/12/10,2017/12/31
11706,1,0,0,0,0,0,0,2018/01/08,2018/02/04
11709,0,0,0,0,0,1,1,2017/12/10,2017/12/31
11796,1,1,1,1,1,0,0,2018/02/26,2018/03/09
11801,1,1,1,1,1,1,1,2017/09/02,2017/12/09
11799,1,0,0,0,0,0,1,2017/12/10,2018/03/19
11865,0,0,0,0,0,1,0,2017/10/14,2017/10/21
11864,0,0,0,0,0,0,1,2017/10/15,2017/10/22
11868,0,0,0,0,0,0,1,2017/10/14,2017/10/22
11790,1,1,1,1,1,1,1,2017/09/02,2017/12/09
11732,1,1,1,1,1,0,0,2017/12/11,2018/02/23
11069,1,1,1,1,1,0,0,2017/09/04,2017/09/29
11747,0,0,0,0,0,0,1,2017/12/10,2017/12/31
11738,0,0,0,0,0,0,1,2017/09/18,2017/10/01
11734,1,1,1,1,1,0,0,2017/10/30,2017/12/08
11749,1,1,1,1,1,0,0,2017/10/02,2017/12/08
11733,1,1,1,1,1,0,0,2018/02/26,2018/03/20
11746,1,1,1,1,1,1,1,2017/09/02,2017/09/10
11742,1,1,1,1,1,1,1,2017/10/02,2017/12/08
11743,1,1,1,1,1,1,1,2017/10/03,2017/12/08
11745,1,1,1,1,1,1,1,2017/12/10,2018/02/25
11744,1,1,1,1,1,1,1,2018/01/22,2018/02/11
11740,0,0,0,0,0,0,1,2018/01/15,2018/02/25
11739,0,0,0,0,0,0,1,2017/10/08,2017/11/26
11741,0,0,0,0,0,0,1,2018/01/21,2018/02/25
11736,1,1,1,1,1,0,0,2017/12/11,2017/12/24
11750,1,1,1,1,1,0,0,2018/01/15,2018/03/20
11753,0,0,0,0,0,1,0,2018/01/15,2018/02/24
11754,0,0,0,0,0,1,0,2017/10/07,2017/11/18
11751,0,0,0,0,1,0,0,2018/01/19,2018/02/23
11752,1,1,1,1,0,0,0,2018/01/15,2018/02/22
11755,0,0,0,0,0,0,1,2017/10/08,2017/11/19
11756,0,0,0,0,0,1,0,2018/01/20,2018/02/24
11766,1,1,1,1,1,1,0,2017/12/11,2018/02/24
11767,1,1,1,1,1,1,0,2017/10/02,2017/11/05
11764,1,1,1,1,1,0,0,2017/09/02,2017/10/01
11771,1,1,1,1,1,1,1,2017/10/02,2017/12/08
11769,1,1,1,1,1,0,1,2018/01/22,2018/02/11
11768,1,1,1,1,1,0,1,2017/10/02,2017/12/08
11762,1,1,1,1,1,0,0,2017/09/02,2017/09/30
11760,1,1,1,0,0,0,0,2018/02/26,2018/02/28
11759,1,1,1,1,1,0,0,2017/10/30,2018/02/23
11757,1,1,1,1,1,0,0,2017/12/11,2018/02/23
11758,1,1,1,1,1,1,0,2017/10/02,2017/12/08
11761,0,0,0,0,0,1,0,2017/10/07,2017/11/19
11763,1,1,1,1,1,0,0,2017/09/04,2017/10/01
11737,1,1,1,1,1,0,0,2018/01/15,2018/02/23
11735,1,1,1,1,1,0,0,2017/10/02,2017/12/08
10887,0,0,0,0,0,1,0,2017/09/02,2017/09/09
11774,0,0,0,0,0,0,1,2017/10/08,2017/11/26
11775,0,0,0,0,0,1,0,2017/10/07,2017/11/19
11772,1,1,1,1,1,0,1,2017/09/02,2017/10/01
11773,0,0,0,0,0,0,1,2017/09/03,2017/09/10
11731,1,1,1,1,0,0,0,2017/10/23,2017/10/26
11792,1,1,1,1,1,1,1,2017/12/11,2018/01/21
11791,1,1,1,1,1,1,1,2017/09/02,2018/03/20
11785,1,1,1,1,1,1,1,2017/10/09,2017/12/08
11476,0,0,0,0,0,1,1,2017/09/02,2017/09/03
11788,1,1,1,1,1,1,0,2017/09/09,2017/12/09
11787,0,0,0,0,0,0,1,2017/10/09,2017/11/05
11725,1,1,1,1,1,1,1,2017/10/09,2018/03/20
11728,0,0,0,0,0,1,1,2017/10/09,2017/11/05
11858,0,0,0,0,0,1,0,2017/09/09,2017/11/05
11840,1,1,1,1,1,1,1,2017/09/02,2017/12/09
11844,1,1,1,1,1,1,1,2017/09/02,2017/12/09
11843,0,0,0,0,0,1,1,2017/09/25,2017/11/05
11842,0,0,0,0,0,1,0,2017/09/25,2017/11/05
11841,0,0,0,0,0,1,0,2017/09/02,2017/11/05
11838,0,0,0,0,0,1,1,2017/09/02,2017/11/05
11839,0,0,0,0,0,1,1,2017/09/25,2017/11/05
11813,1,1,1,1,1,0,0,2017/09/04,2017/12/08
11846,1,1,1,1,1,1,1,2017/12/10,2018/03/20
11845,1,1,1,1,1,1,1,2017/09/02,2017/12/09
11807,0,0,0,0,0,1,1,2017/12/10,2017/12/31
11808,1,1,1,1,1,0,0,2017/11/08,2017/12/01
11806,0,0,0,0,0,1,1,2017/12/10,2018/03/11
11805,1,1,1,1,1,1,1,2018/01/22,2018/02/11
11803,1,1,1,1,1,0,0,2017/12/11,2018/03/16
11809,0,0,0,0,0,1,1,2017/09/25,2017/12/09
11812,1,1,1,1,1,1,1,2018/01/22,2018/02/11
11815,1,1,1,1,1,0,0,2017/11/06,2017/12/08
11814,0,0,0,0,0,1,1,2017/10/23,2017/12/09
11810,1,1,1,1,1,0,0,2018/02/05,2018/03/02
11870,0,0,0,0,0,1,1,2017/10/14,2017/10/15
11855,1,1,1,1,1,0,1,2017/09/03,2017/12/08
11852,1,1,1,1,0,0,0,2017/09/04,2017/09/07
11853,1,1,1,1,1,0,0,2017/09/08,2017/12/08
11854,1,1,1,1,1,1,1,2017/09/02,2017/12/09
10907,1,1,1,1,1,1,1,2017/09/02,2018/03/20
10875,1,1,1,1,1,0,0,2017/09/18,2017/09/29
11475,0,0,0,0,0,1,1,2017/09/09,2018/03/18
10885,1,1,1,1,1,1,1,2017/09/02,2018/03/20
11473,1,1,1,1,1,1,1,2017/09/02,2018/03/20
11477,1,1,1,1,1,1,1,2017/09/02,2018/03/20
11478,0,0,0,0,0,1,1,2017/09/02,2018/03/18
11573,0,0,0,0,0,1,0,2017/12/02,2017/12/09
11572,0,0,0,0,0,0,1,2017/12/03,2017/12/10
11218,0,0,0,0,0,0,1,2017/10/01,2017/10/22
11555,0,0,0,0,0,1,1,2017/09/30,2017/10/22
11554,0,0,0,0,0,1,0,2017/09/30,2017/10/22
11567,0,1,1,1,1,1,0,2017/11/21,2017/11/25
11565,0,1,1,1,1,1,0,2017/09/05,2017/09/16
10808,0,1,1,1,1,1,0,2017/09/19,2017/09/30
11566,0,1,1,1,1,1,0,2017/11/07,2017/11/18
11560,0,0,0,0,0,0,1,2017/10/01,2017/10/22
11559,0,0,0,0,0,1,0,2017/09/30,2017/10/21
11561,0,0,0,0,0,0,1,2017/10/01,2017/10/22
11557,1,1,1,1,1,0,0,2017/11/20,2017/11/24
11558,1,1,0,1,1,0,0,2017/10/30,2017/11/03
11150,1,1,1,1,1,0,0,2017/11/06,2017/11/10
11553,0,0,0,0,0,1,0,2017/09/30,2017/10/22
11550,0,0,0,0,1,0,0,2017/09/29,2017/10/22
11551,0,0,0,0,1,1,0,2017/09/29,2017/10/22
11552,1,1,1,1,1,0,0,2017/10/02,2017/10/27
11562,0,0,0,0,0,0,1,2017/10/01,2017/10/22
11563,0,1,1,0,1,1,0,2017/10/31,2017/11/04
11564,0,1,1,1,1,1,0,2017/10/03,2017/10/28
10577,1,1,1,1,1,0,0,2017/09/04,2017/12/24
11499,0,0,0,0,0,1,1,2017/09/02,2018/03/18
11481,1,1,1,1,1,1,1,2017/09/02,2018/03/20
11503,1,1,1,1,1,1,1,2017/09/02,2018/03/20
11479,1,1,1,1,1,1,1,2017/09/02,2018/03/20
11501,0,0,0,0,0,1,0,2017/12/11,2018/03/17
11483,1,1,1,1,1,1,1,2017/09/02,2018/03/20
11502,0,0,0,0,0,1,1,2017/12/11,2018/03/18
11500,0,0,0,0,0,1,1,2017/09/02,2018/03/18
11488,0,0,0,0,0,1,1,2017/09/02,2018/03/18
11492,1,1,1,1,1,0,0,2017/12/11,2018/03/20
11493,1,1,1,1,1,0,0,2017/10/02,2017/10/20
11494,0,0,0,0,0,1,1,2017/09/02,2018/03/18
11490,1,1,1,1,1,0,0,2017/12/25,2017/12/29
11489,0,0,0,0,0,1,1,2017/09/02,2018/03/18
10914,0,0,0,0,0,0,1,2017/10/30,2018/03/18
11495,0,0,0,0,0,1,1,2017/09/02,2018/03/18
11496,1,1,1,1,1,1,1,2017/09/18,2017/10/22
11544,0,0,0,0,0,1,0,2017/11/13,2018/03/17
11545,1,1,1,1,1,0,1,2017/09/03,2018/03/20
11540,0,0,0,0,0,1,1,2017/09/02,2018/03/18
11547,1,1,1,1,1,1,0,2017/09/02,2018/03/20
11548,0,0,0,0,0,0,1,2017/11/13,2018/03/18
11546,1,0,0,0,0,0,1,2017/12/25,2018/01/28
11543,1,1,1,1,1,1,1,2017/09/02,2018/03/20
11532,1,1,1,1,1,1,1,2017/09/02,2018/03/20
11536,1,1,1,1,1,1,1,2017/09/02,2018/03/20
11533,0,0,0,0,0,1,1,2017/11/13,2018/03/18
11535,1,1,1,1,1,1,1,2017/09/02,2018/03/20
11537,1,1,1,1,1,1,1,2017/09/02,2018/03/20
11541,0,0,0,0,0,1,1,2017/11/13,2018/03/18
11542,1,1,1,1,1,1,1,2017/09/02,2018/03/20
11538,0,0,0,0,0,0,1,2017/09/18,2017/11/12
11539,0,0,0,0,0,0,1,2017/09/02,2017/11/12
10755,1,1,1,1,1,0,0,2017/09/04,2017/09/15
11549,0,0,0,0,0,0,1,2017/11/13,2018/03/18
11534,0,0,0,0,0,1,1,2017/11/13,2018/03/18
11463,1,1,1,1,1,0,0,2017/10/23,2017/12/08
11462,1,1,1,1,1,0,0,2017/10/23,2017/11/10
11464,1,1,1,1,1,0,0,2018/01/15,2018/02/02
11465,1,1,1,1,1,0,0,2018/01/15,2018/02/04
11458,1,1,1,1,1,0,0,2018/01/01,2018/03/20
11459,1,1,1,1,1,0,0,2017/10/23,2017/12/08
11461,1,1,1,1,1,0,0,2017/11/13,2017/12/08
11460,1,1,1,1,1,0,0,2018/01/01,2018/03/16
11469,0,1,1,1,1,1,0,2017/11/14,2017/12/10
11468,1,0,0,0,0,0,1,2017/09/03,2018/03/19
11471,1,0,0,0,0,0,1,2017/12/04,2017/12/24
11466,1,1,1,1,1,0,0,2018/01/15,2018/02/04
11467,0,1,1,1,1,1,0,2018/01/01,2018/03/20
11047,0,0,0,0,0,1,1,2017/10/28,2017/10/29
11472,1,1,1,1,1,1,1,2017/09/02,2018/03/20
11474,0,0,0,0,0,1,1,2017/09/02,2018/03/18
11571,0,0,0,0,0,1,0,2017/09/23,2017/10/21
11570,0,1,1,1,1,0,0,2017/10/03,2017/10/27
11568,0,0,0,0,0,1,0,2017/09/23,2017/10/22
11569,0,0,0,0,0,1,0,2017/09/30,2017/10/22
11484,0,0,0,0,0,1,1,2017/12/16,2018/03/18
11480,0,0,0,0,0,1,1,2017/09/02,2018/03/18
11485,0,0,0,0,0,1,1,2017/09/02,2017/11/26
11486,0,0,0,0,0,1,0,2017/12/11,2018/03/17
11482,0,0,0,0,0,1,1,2017/09/02,2018/03/18
11487,0,0,0,0,0,1,0,2017/09/02,2017/11/05
11498,1,0,0,0,0,0,1,2017/09/03,2018/03/19
11497,1,1,1,1,1,1,1,2018/02/05,2018/03/18
11515,1,1,1,1,1,0,1,2017/09/11,2017/11/24
11516,0,0,0,0,0,0,1,2017/09/11,2017/11/19
11509,1,1,1,1,1,1,1,2017/11/27,2018/03/20
11517,0,0,0,0,0,0,1,2017/09/25,2017/10/29
11518,0,0,0,0,0,0,1,2017/09/16,2017/11/05
11511,0,0,0,0,0,1,1,2017/11/20,2018/03/18
11508,1,1,1,1,1,0,0,2017/09/25,2017/10/22
11512,1,1,1,1,1,0,0,2017/09/11,2017/11/24
11510,0,0,0,0,0,1,1,2017/10/23,2017/11/05
11513,1,1,1,1,1,0,0,2017/09/25,2017/10/22
11514,1,1,1,1,1,0,0,2017/09/25,2017/10/22
11526,1,0,0,0,0,0,0,2017/09/11,2017/11/24
11527,0,0,0,0,0,0,1,2017/09/11,2017/11/19
11528,1,1,1,1,1,1,1,2018/01/15,2018/03/18
11524,0,0,0,0,0,0,1,2017/11/20,2018/03/18
11507,1,1,1,1,1,0,0,2017/11/27,2018/03/20
11521,0,0,0,0,0,1,0,2017/11/20,2018/03/17
11530,1,1,1,1,1,0,0,2017/09/25,2017/10/22
11531,1,1,1,1,1,1,0,2017/11/27,2018/03/20
11529,1,1,1,1,1,0,0,2017/09/11,2017/11/24
11519,0,0,0,0,0,0,1,2017/09/16,2017/11/19
11522,1,1,1,1,1,0,1,2017/11/27,2018/03/20
11505,1,1,1,1,1,0,0,2017/09/11,2017/11/24
11506,1,1,1,1,1,0,0,2018/01/01,2018/03/20
11504,1,1,1,1,1,0,0,2018/01/01,2018/03/20
10902,0,0,0,0,0,1,1,2017/09/02,2018/03/18
10574,1,1,1,1,1,1,1,2017/09/02,2018/03/20
11233,1,1,1,1,1,1,1,2017/09/02,2018/03/20
11210,0,0,0,0,0,1,0,2017/11/13,2017/12/09
11207,1,1,1,1,1,1,1,2017/09/02,2017/12/09
11209,0,0,0,0,1,0,0,2017/09/08,2017/12/08
11208,0,0,0,0,1,0,0,2017/12/15,2018/03/16
11214,1,1,1,1,1,0,0,2017/10/02,2017/11/03
11211,1,1,1,1,1,1,1,2017/09/02,2017/12/09
11213,1,1,1,1,1,0,0,2018/01/08,2018/03/20
11212,0,0,0,0,0,1,1,2017/12/10,2018/03/18
11205,0,0,0,0,0,0,1,2017/09/03,2017/12/03
11204,1,1,1,1,0,0,0,2017/09/04,2017/12/07
11203,1,1,1,1,0,0,0,2017/12/11,2018/03/20
11202,0,0,0,0,0,1,1,2017/10/23,2017/12/09
11206,0,0,0,0,0,0,1,2017/10/23,2017/12/03
11220,1,1,1,1,1,1,1,2017/10/30,2018/03/20
11178,1,1,1,1,1,0,0,2017/09/25,2017/10/27
11224,1,1,1,1,1,1,0,2017/10/30,2018/03/20
11219,1,1,1,1,1,0,0,2017/10/30,2018/03/20
11215,0,0,0,0,1,0,0,2017/10/30,2017/12/08
11216,1,1,1,1,1,0,0,2017/11/06,2017/12/08
11217,0,0,0,0,0,1,1,2017/10/23,2017/12/09
11222,1,1,1,1,1,0,0,2018/03/05,2018/03/09
11223,0,0,0,0,0,1,1,2017/10/23,2018/03/18
11221,0,0,0,0,0,1,1,2017/10/23,2017/12/10
11253,1,1,1,1,1,1,1,2017/09/02,2018/03/20
11252,1,1,1,1,1,1,1,2017/09/02,2018/03/20
11254,1,1,1,1,1,1,1,2017/09/02,2018/03/20
10575,0,0,0,0,0,0,1,2017/09/03,2018/03/18
11261,1,1,1,1,1,0,0,2017/12/11,2018/01/26
11263,1,1,1,1,1,1,1,2017/12/10,2018/01/28
11262,1,1,1,1,1,0,0,2017/10/09,2017/11/17
11257,1,1,1,1,1,0,0,2017/09/04,2017/10/08
11194,1,1,1,1,1,1,1,2017/09/02,2018/03/20
11154,1,1,1,1,1,0,0,2017/12/04,2017/12/08
11160,0,1,1,1,1,1,0,2017/11/07,2017/11/11
11192,1,1,1,1,1,1,1,2017/09/02,2018/03/20
11191,1,1,1,1,1,1,1,2017/09/02,2018/03/20
11193,1,1,1,1,1,1,1,2017/09/02,2018/03/20
11156,0,1,1,1,1,1,0,2017/12/05,2017/12/09
11260,0,0,0,0,0,1,1,2017/09/11,2017/11/05
11227,1,1,1,1,1,1,1,2017/09/02,2018/03/20
11229,1,1,1,1,1,1,0,2017/09/02,2018/03/20
11248,1,1,1,1,1,1,1,2017/12/11,2018/03/20
11249,0,0,0,0,0,1,1,2017/10/23,2018/03/18
11239,0,0,0,0,0,0,1,2017/09/03,2017/09/17
11240,0,0,0,0,0,0,1,2017/09/24,2017/12/03
10819,1,1,1,1,1,0,0,2017/09/04,2017/12/08
11242,1,1,1,1,1,0,0,2017/09/04,2017/10/27
11234,1,1,1,1,1,0,0,2017/10/23,2017/11/17
11237,1,1,1,1,1,0,0,2017/09/04,2017/10/22
11238,1,1,1,1,1,0,0,2017/10/30,2017/12/08
11236,1,0,0,0,0,1,1,2017/10/23,2017/12/09
11243,0,1,1,1,1,0,0,2017/09/05,2017/12/08
11247,1,1,1,1,1,0,0,2017/10/02,2017/10/22
11246,1,1,1,1,1,0,0,2017/11/20,2017/12/08
11245,1,1,1,1,1,0,0,2017/12/11,2018/01/05
11230,1,1,1,1,1,1,1,2017/09/02,2018/03/20
11256,0,0,0,0,0,1,1,2017/09/02,2018/03/18
11255,1,1,1,1,1,1,1,2017/09/02,2018/03/20
11107,1,1,1,1,1,1,1,2017/09/02,2018/03/20
11232,0,0,0,0,0,1,1,2017/09/02,2018/03/18
11010,0,0,0,0,0,1,0,2017/09/02,2018/03/17
11250,1,1,1,1,1,1,1,2017/09/02,2018/03/20
11030,1,1,1,1,1,0,1,2017/09/03,2018/03/20
11226,1,1,1,1,1,1,1,2017/09/02,2018/03/20
11228,1,1,1,1,1,0,0,2017/09/04,2018/03/20
10967,1,1,1,1,1,1,0,2017/09/02,2018/03/20
11225,1,1,1,1,1,1,1,2017/09/02,2018/03/20
11258,1,1,1,1,1,0,0,2017/11/02,2017/11/17
11259,1,1,1,1,1,0,0,2017/10/09,2017/10/27
11200,1,1,1,1,1,1,1,2017/09/02,2018/03/20
11199,1,1,1,1,1,1,1,2017/09/02,2018/03/18
11196,1,1,1,1,1,1,1,2017/09/02,2018/03/20
11198,1,1,1,1,1,1,1,2017/09/03,2018/03/19
11195,1,1,1,1,1,0,0,2017/09/04,2018/03/20
10602,0,0,0,0,0,0,1,2017/09/03,2018/03/18
11231,0,0,0,0,0,1,1,2017/09/11,2017/11/05
12609,1,1,1,1,1,1,1,2017/09/03,2017/12/24
12607,0,0,0,0,0,1,1,2017/09/03,2017/12/24
12610,1,1,1,1,1,1,1,2017/09/04,2017/12/24
12611,1,1,1,1,1,1,1,2017/09/03,2017/12/24
12612,1,1,1,1,1,1,1,2017/09/03,2017/12/24
12621,1,1,1,1,1,1,1,2018/01/01,2018/03/20
12614,1,1,1,1,1,0,0,2017/10/23,2017/11/10
12615,0,1,0,0,1,1,0,2017/10/24,2017/11/11
12604,1,1,1,1,1,1,1,2017/09/02,2017/12/10
12617,1,1,1,1,1,1,1,2017/09/03,2017/12/10
12605,1,1,1,1,1,1,1,2017/09/04,2017/12/10
12620,0,0,0,0,0,1,1,2018/01/01,2018/03/18
12623,0,0,1,1,1,1,0,2017/12/27,2017/12/30
12624,1,0,0,0,0,0,1,2017/09/04,2017/12/24
12622,1,1,1,1,1,1,1,2018/01/01,2018/03/20
12616,1,1,1,1,1,1,1,2017/09/11,2017/12/10
12619,1,1,1,1,1,0,0,2018/01/01,2018/03/20
10879,0,1,1,1,1,0,0,2018/01/02,2018/01/05
11041,1,1,1,1,0,0,0,2017/09/18,2017/09/28
10851,0,0,0,0,0,1,0,2017/09/02,2017/09/10
10852,1,1,1,1,1,1,1,2017/09/12,2018/03/20
10853,1,1,1,1,1,1,1,2017/09/02,2017/09/11
10849,0,0,0,0,0,0,1,2017/09/03,2017/09/10
10850,1,1,1,1,1,1,1,2017/09/12,2018/03/20
10869,1,1,1,1,1,1,1,2017/09/12,2018/03/19
10868,1,1,1,1,1,0,0,2017/09/12,2017/12/08
10870,0,0,0,0,0,1,1,2017/09/02,2017/09/10
10871,0,0,0,0,0,1,1,2017/09/16,2018/03/18
10752,1,1,1,1,0,0,0,2017/10/09,2017/10/12
10858,1,1,1,1,1,1,1,2018/01/08,2018/03/20
10859,0,0,0,0,0,1,1,2017/09/02,2017/09/10
10860,1,1,1,1,1,1,0,2017/10/16,2018/03/20
10857,0,0,0,0,0,1,0,2017/11/13,2017/12/09
10854,0,0,0,0,0,0,1,2017/10/02,2018/03/18
10864,1,1,1,1,1,1,0,2017/10/02,2017/10/15
10867,1,1,1,1,1,0,0,2017/09/04,2017/09/11
10866,1,1,1,1,1,1,0,2017/09/02,2017/09/11
10865,1,1,1,1,1,1,0,2017/09/12,2018/03/20
10862,1,1,1,1,1,1,1,2017/09/12,2018/03/20
10861,1,1,1,1,1,1,1,2017/09/16,2018/03/20
10863,0,0,0,0,0,0,1,2017/10/09,2018/03/18
11037,0,1,1,1,1,0,0,2017/09/19,2017/09/29
10928,0,1,1,1,1,1,0,2017/10/03,2017/10/07
11056,1,1,1,1,1,1,1,2017/10/16,2017/12/09
10986,0,1,1,1,1,0,0,2017/10/10,2017/10/13
11039,0,1,1,1,1,0,0,2017/09/12,2017/09/29
10929,0,0,1,1,1,1,0,2018/01/03,2018/01/06
10934,1,1,1,1,1,1,0,2017/09/04,2018/03/20
10932,0,0,0,0,0,1,0,2017/11/13,2018/03/17
10933,1,1,1,1,1,1,0,2017/09/04,2018/03/20
10935,0,0,0,0,0,0,1,2017/10/09,2018/03/18
10931,0,0,0,0,0,1,0,2017/11/13,2018/03/17
10930,0,0,0,0,0,1,0,2017/10/30,2018/03/17
10898,0,0,0,0,0,0,1,2017/09/03,2017/09/10
11024,1,1,1,1,1,1,1,2017/09/04,2018/03/20
11026,1,1,1,1,1,1,0,2017/09/02,2018/03/19
11025,1,1,1,1,1,1,1,2017/09/02,2018/03/20
11021,1,1,1,1,1,1,1,2017/09/25,2018/03/20
10982,1,1,1,1,1,1,1,2017/09/02,2018/03/20
11022,1,1,1,1,1,1,1,2017/10/09,2018/03/20
11023,1,1,1,1,1,1,1,2017/10/16,2017/12/09
11029,1,1,1,1,1,1,0,2017/10/02,2017/10/15
10908,1,1,1,1,1,1,1,2017/09/02,2018/03/20
11027,1,1,1,1,1,1,0,2017/09/02,2018/03/19
10925,0,0,0,0,0,1,0,2017/10/30,2018/03/17
11028,1,1,1,1,1,1,0,2017/09/02,2018/01/07
11019,0,0,0,0,0,0,1,2017/09/25,2018/03/18
11018,0,0,0,0,0,0,1,2017/09/25,2018/03/18
11020,1,1,1,1,1,1,1,2017/09/02,2018/03/20
10970,1,1,1,1,1,1,1,2017/09/02,2018/03/20
10911,1,1,1,1,1,1,1,2017/09/02,2018/03/20
11014,0,0,0,0,0,1,0,2017/11/13,2018/03/17
11013,0,0,0,0,0,1,1,2017/09/02,2018/03/18
10961,1,1,1,1,1,1,1,2017/09/02,2018/03/20
11015,0,0,0,0,0,1,0,2017/11/13,2018/03/17
10832,0,0,0,0,0,1,1,2017/10/30,2018/03/18
10830,0,0,0,0,0,0,1,2017/09/03,2017/12/17
11057,0,0,0,0,0,0,1,2017/09/03,2018/03/18
10989,1,1,1,1,1,0,0,2017/11/13,2017/12/01
10983,0,0,0,0,0,0,1,2017/10/09,2018/03/18
10985,0,0,0,0,0,1,1,2017/09/02,2018/03/18
10984,0,0,0,0,0,0,1,2017/10/16,2018/03/18
10987,0,0,0,0,0,1,0,2017/09/02,2017/10/01
10988,0,0,0,0,1,0,0,2017/09/04,2017/10/01
10981,1,1,1,1,1,1,1,2017/10/16,2017/12/09
10980,1,0,0,0,0,0,1,2017/09/03,2017/10/01
10831,0,0,0,0,0,1,0,2017/09/02,2017/10/08
10834,0,0,0,0,0,1,0,2017/11/13,2018/03/17
11001,1,1,1,1,1,0,0,2017/09/04,2017/12/24
11000,1,1,1,1,1,0,0,2017/09/04,2017/12/24
10900,1,1,1,1,1,1,1,2018/01/08,2018/03/20
10960,1,1,1,1,1,0,0,2017/09/04,2018/03/20
10959,1,1,1,1,1,1,1,2017/09/02,2018/03/20
10958,1,1,1,1,1,1,1,2017/09/02,2018/03/20
10962,1,1,1,1,1,1,1,2017/09/02,2018/03/20
10954,1,1,1,1,1,1,1,2017/09/02,2017/12/24
10957,1,1,1,1,1,1,1,2017/09/02,2018/03/20
10956,1,1,1,1,1,0,0,2017/09/04,2017/12/24
10955,1,1,1,1,1,1,1,2017/09/02,2018/03/20
10964,1,1,1,1,1,1,0,2017/09/02,2018/03/20
10965,1,1,1,1,1,1,0,2017/09/02,2018/03/20
10963,1,1,1,1,1,1,1,2017/09/02,2018/03/20
10968,1,1,1,1,1,1,1,2017/09/02,2017/12/24
10966,1,1,1,1,1,1,1,2017/09/02,2018/03/20
10969,1,1,1,1,1,1,1,2017/09/02,2017/12/24
10912,1,1,1,1,1,1,1,2017/09/02,2018/03/19
10973,1,1,1,1,1,1,0,2017/09/02,2017/12/24
10573,0,0,0,0,0,1,1,2017/09/02,2018/03/18
10972,1,1,1,1,1,1,0,2017/09/02,2017/12/24
10974,1,1,1,1,1,1,1,2017/09/02,2017/12/24
10971,1,1,1,1,1,1,1,2017/09/02,2017/12/24
11034,1,1,1,1,0,0,0,2017/09/11,2017/09/28
10901,1,1,1,1,1,1,1,2017/09/02,2018/03/20
10904,1,1,1,1,1,1,1,2017/09/04,2018/03/20
10905,1,1,1,1,1,0,1,2017/09/04,2017/09/10
10903,1,1,1,1,1,0,0,2017/09/04,2018/03/20
10906,1,1,1,1,1,0,1,2017/10/02,2017/10/15
10897,1,1,1,1,1,1,1,2017/09/04,2018/03/20
10899,1,1,1,1,1,1,1,2017/09/02,2018/03/20
10841,1,1,1,1,1,1,0,2017/09/02,2018/03/20
10909,1,1,1,1,1,1,1,2017/09/02,2018/03/20
10910,1,1,1,1,1,0,0,2017/09/04,2018/03/19
10926,0,1,1,1,1,1,0,2017/10/14,2017/12/09
10951,0,0,0,0,0,1,0,2018/01/01,2018/03/17
10924,1,1,1,1,1,0,0,2017/09/04,2018/03/20
11059,0,0,0,0,0,1,0,2017/09/25,2018/03/17
11060,1,1,1,1,1,1,1,2017/09/03,2018/03/20
10842,1,1,1,1,1,1,0,2017/09/02,2018/03/20
10838,1,1,1,1,1,1,0,2017/09/02,2018/03/20
10843,1,1,1,1,1,1,0,2017/09/02,2018/03/19
10840,1,1,1,1,1,1,1,2017/09/02,2017/12/09
11055,1,1,1,1,1,1,0,2017/09/02,2018/03/19
11054,1,1,1,1,1,1,0,2017/09/02,2018/03/20
11052,1,0,0,0,0,0,1,2017/12/24,2018/01/01
11035,1,1,1,1,1,1,1,2018/01/08,2018/03/20
11040,1,1,1,1,0,0,0,2017/09/12,2017/09/29
11002,1,1,1,1,1,0,0,2017/09/04,2017/12/24
10886,0,0,0,0,0,1,1,2017/10/30,2018/03/18
10884,1,1,1,1,1,1,1,2017/09/02,2018/03/20
10889,0,0,0,0,0,1,1,2017/10/30,2018/03/18
10888,0,0,0,0,0,1,0,2017/11/13,2018/03/17
10882,1,1,1,1,1,1,1,2017/09/02,2018/03/20
10883,0,0,0,0,0,1,1,2017/09/02,2017/10/15
10881,0,0,0,0,1,0,0,2017/09/15,2017/09/29
10893,0,0,0,0,0,0,1,2017/10/30,2018/03/18
10894,0,0,0,0,0,0,1,2017/10/30,2018/03/18
10891,1,1,1,1,1,1,1,2017/09/02,2018/03/20
10890,1,1,1,1,1,1,1,2017/09/12,2018/03/20
10892,1,0,0,0,0,0,1,2017/09/02,2017/09/25
11038,1,1,1,1,0,0,0,2017/09/11,2017/09/17
10979,0,0,0,0,0,0,1,2017/10/30,2018/03/18
10949,1,1,1,1,1,1,1,2017/09/02,2018/03/19
10916,1,1,1,1,1,1,1,2017/09/02,2018/03/19
10950,1,1,1,1,1,1,1,2017/09/04,2018/03/20
10938,0,0,0,0,1,0,0,2017/09/22,2017/09/29
10939,0,0,1,1,0,0,0,2017/10/09,2017/10/22
10936,1,1,1,0,1,0,0,2017/09/04,2017/09/08
10946,1,1,1,1,1,1,1,2017/09/04,2018/03/20
10945,1,1,1,1,1,1,1,2017/12/10,2018/03/20
10948,1,1,1,1,1,1,1,2017/10/16,2017/12/09
10947,1,1,1,1,1,1,1,2017/09/02,2018/03/20
10943,1,1,1,1,1,1,1,2017/09/02,2018/03/20
10941,0,0,0,0,0,1,1,2017/10/30,2018/03/18
10944,1,1,1,1,1,1,1,2017/09/02,2018/03/20
10940,0,0,0,0,0,1,1,2017/10/30,2018/03/18
10942,0,0,0,0,0,1,1,2017/10/30,2018/03/18
10917,1,1,1,1,1,1,0,2017/09/02,2018/03/19
10918,1,1,1,1,1,0,0,2017/09/04,2018/03/20
10915,0,0,0,0,0,1,0,2017/11/13,2018/03/17
10584,1,1,1,1,1,0,0,2017/10/16,2017/12/08
10952,0,0,0,0,0,0,1,2018/01/01,2018/03/18
10922,1,1,1,1,1,1,0,2017/09/02,2018/03/20
10921,1,1,1,1,1,1,0,2017/09/02,2018/03/20
10923,1,1,1,1,1,1,0,2017/09/02,2018/03/20
10953,0,0,0,0,0,0,1,2018/01/01,2018/03/18
11051,1,1,1,1,1,1,1,2017/09/02,2018/03/20
10990,1,1,1,1,1,1,1,2017/09/02,2018/03/20
10994,1,1,1,1,1,1,1,2017/09/02,2018/03/20
10995,1,1,1,1,1,1,1,2017/09/02,2018/03/20
10996,1,1,1,1,1,1,0,2017/09/11,2018/03/20
10993,1,1,1,1,1,1,1,2017/09/02,2018/03/20
10992,1,1,1,1,1,1,0,2017/10/09,2018/03/20
11003,0,0,0,0,0,1,1,2017/09/02,2017/12/24
11004,1,1,1,1,1,1,1,2017/09/02,2018/03/20
11005,1,1,1,1,1,1,1,2017/09/02,2018/03/19
11006,1,1,1,1,1,1,1,2017/09/02,2017/12/24
11011,1,1,1,1,1,1,0,2017/09/02,2017/12/24
11008,1,1,1,1,1,1,1,2017/09/02,2018/03/20
11009,1,1,1,1,1,1,1,2017/09/02,2017/12/24
11007,0,0,0,0,0,1,1,2017/09/02,2017/12/24
10657,1,1,1,1,1,1,0,2017/09/02,2018/03/20
11049,0,0,0,0,0,1,0,2017/11/13,2018/03/17
11048,0,0,1,1,0,0,0,2017/10/09,2017/10/22
11050,1,1,1,1,1,1,0,2017/09/02,2018/03/20
10703,1,1,1,1,1,0,0,2018/01/01,2018/03/20
10586,0,0,0,0,0,0,1,2017/10/02,2018/03/18
10706,1,0,0,0,0,0,0,2017/10/16,2017/12/24
10760,1,0,0,0,0,0,0,2017/09/18,2017/12/24
10761,0,0,0,0,0,0,1,2017/09/03,2017/12/17
10762,1,0,0,0,0,0,0,2017/09/18,2017/12/24
10662,1,1,1,1,1,1,1,2017/09/02,2017/12/09
10664,0,0,0,0,0,0,1,2017/09/03,2018/03/18
10656,1,1,1,1,1,1,1,2017/09/02,2018/03/20
10665,1,0,0,0,0,0,0,2017/09/04,2017/12/24
10692,1,0,0,0,0,0,0,2017/09/04,2017/12/24
10693,1,1,1,1,1,1,0,2017/11/13,2018/03/20
10568,0,0,0,0,0,0,1,2017/11/27,2018/01/07
10691,1,1,1,1,1,0,0,2018/02/19,2018/03/19
10690,0,0,0,0,0,1,0,2017/11/13,2017/12/09
10592,0,0,0,0,1,0,0,2017/10/30,2017/11/24
10585,1,1,1,1,1,1,0,2017/11/13,2018/03/20
10757,0,0,0,0,1,0,0,2017/09/08,2017/09/15
10758,1,1,1,1,0,0,0,2017/09/04,2017/09/14
10583,0,0,0,0,0,1,1,2017/10/30,2017/11/26
10626,1,1,1,1,0,0,0,2017/10/30,2017/11/23
10625,0,0,0,0,1,0,0,2017/11/03,2017/11/24
10754,0,0,0,0,1,1,0,2017/12/16,2018/03/17
10590,1,1,1,1,1,1,1,2017/09/02,2018/03/20
10587,1,1,1,1,1,1,1,2017/09/02,2018/03/20
10589,0,0,0,0,0,0,1,2017/09/03,2018/03/18
10588,0,0,0,0,0,1,1,2017/12/04,2018/03/18
10591,0,0,0,0,0,1,0,2017/11/13,2018/03/17
10578,0,0,0,0,0,1,0,2017/09/02,2018/03/17
10580,1,1,1,1,1,1,0,2017/11/13,2018/02/18
10579,0,0,0,0,0,1,1,2017/10/02,2018/02/11
10582,1,1,1,1,1,1,0,2017/09/02,2017/10/01
10581,1,1,1,1,1,1,1,2017/09/02,2018/03/20
10623,0,0,0,0,0,1,1,2017/09/02,2018/03/18
10723,0,0,0,0,0,0,1,2017/10/09,2017/10/22
10567,0,0,0,0,0,0,1,2017/11/27,2018/03/18
10566,0,0,0,0,0,1,0,2017/11/27,2018/01/07
10740,0,0,0,0,0,1,1,2017/10/09,2017/10/22
10742,0,0,0,0,0,1,1,2017/10/09,2017/10/22
10731,1,1,1,1,0,0,0,2017/09/18,2017/11/30
10733,1,1,1,1,0,0,1,2018/01/01,2018/03/20
10599,1,1,1,1,1,0,0,2018/01/01,2018/03/20
10713,0,0,0,0,1,0,0,2017/10/20,2017/11/10
10714,1,1,1,1,0,0,0,2017/10/16,2017/11/09
10715,1,1,1,1,1,0,0,2017/09/18,2017/12/01
10716,0,0,0,0,1,0,0,2017/09/22,2017/12/01
10694,0,0,0,0,1,0,0,2017/09/22,2017/10/15
10608,0,0,0,0,0,1,1,2017/10/09,2017/10/29
10617,1,1,1,1,1,1,1,2017/09/02,2018/03/20
10613,0,0,0,0,0,1,0,2017/10/09,2017/10/29
10659,1,1,1,1,1,1,1,2017/10/09,2017/10/29
10616,0,0,0,0,0,1,1,2017/12/04,2018/03/18
10610,1,1,1,1,1,1,1,2017/09/02,2018/03/20
10620,1,1,1,1,1,1,1,2017/12/11,2018/03/20
10661,1,1,1,1,1,1,1,2017/11/20,2018/03/20
10606,0,0,0,0,0,1,1,2017/12/04,2018/03/18
10671,1,1,1,1,1,1,1,2017/11/20,2018/03/20
10670,0,0,0,0,0,1,0,2017/10/09,2017/10/29
10669,0,0,0,0,0,1,1,2017/12/04,2018/01/07
10609,1,1,1,1,1,1,1,2017/10/09,2017/10/29
10663,0,0,0,0,0,1,1,2017/12/04,2018/01/07
10717,1,1,1,1,1,0,0,2017/09/18,2017/12/01
10622,0,0,0,0,0,1,1,2017/10/07,2017/10/08
10712,1,1,1,1,1,0,0,2017/10/30,2017/11/24
10776,0,0,0,0,0,0,1,2018/01/08,2018/02/04
10646,0,0,0,0,0,0,1,2017/11/27,2018/03/18
10644,1,1,1,1,1,1,0,2017/12/11,2018/03/20
10645,1,1,1,1,1,1,0,2017/12/11,2018/02/18
10641,1,1,1,1,1,1,0,2017/09/02,2018/03/20
10642,0,0,0,0,0,0,1,2017/09/11,2017/10/01
10633,1,1,1,1,1,1,1,2017/09/02,2018/03/20
10650,1,1,1,1,1,1,0,2018/01/08,2018/02/18
10649,1,1,1,1,1,1,0,2017/09/02,2018/03/20
10648,1,1,1,1,1,1,0,2018/01/08,2018/02/18
10647,0,0,0,0,0,0,1,2017/09/18,2017/10/01
10651,0,0,0,0,0,0,1,2017/11/27,2018/03/18
10629,0,0,0,0,0,1,1,2017/11/27,2017/12/09
10630,0,0,0,0,0,1,1,2017/11/27,2018/03/18
10631,1,1,1,1,1,0,0,2017/09/04,2017/09/24
10638,0,0,0,0,0,0,1,2017/11/27,2018/03/18
10637,1,1,1,1,1,1,0,2017/11/27,2018/03/20
10640,0,0,0,0,0,1,0,2017/12/11,2018/03/17
10632,0,0,0,0,0,1,1,2017/11/27,2018/03/18
10634,1,1,1,1,1,1,1,2017/09/02,2018/03/20
10635,1,1,1,1,1,0,0,2017/09/02,2017/09/24
10674,0,0,0,0,1,0,0,2017/10/20,2017/10/27
10711,1,1,1,1,1,0,0,2017/10/16,2017/10/27
10708,0,0,0,0,0,1,0,2017/10/30,2017/11/25
10777,1,1,1,1,0,0,1,2018/01/01,2018/02/04
10778,1,1,1,1,0,0,1,2018/01/01,2018/03/20
10675,0,0,0,0,0,1,1,2017/11/27,2018/03/18
10666,1,1,1,1,1,1,1,2017/09/02,2018/03/20
10676,0,0,0,0,0,1,1,2017/09/11,2017/10/01
10681,0,0,0,0,0,1,0,2017/11/27,2018/03/17
10672,1,1,1,1,0,0,0,2017/10/30,2017/11/23
10682,0,0,0,0,0,0,1,2017/11/27,2018/03/18
10683,1,1,1,1,1,1,0,2017/09/02,2018/03/20
10673,1,1,1,1,0,0,0,2017/10/16,2017/10/26
10677,1,1,1,1,1,1,1,2017/11/27,2018/03/20
10678,0,0,0,0,0,1,1,2017/12/18,2018/01/07
10679,0,0,0,0,0,1,0,2017/11/27,2017/12/24
10680,1,1,1,1,1,0,0,2017/10/02,2017/10/22
10685,0,0,0,0,0,0,1,2017/11/27,2018/03/18
10684,0,0,0,0,1,1,0,2017/12/11,2018/03/17
10605,1,1,1,1,1,1,1,2017/12/11,2018/03/20
10604,0,0,0,0,0,1,1,2018/01/01,2018/03/18
10771,1,1,1,1,1,0,0,2017/09/02,2017/12/09
10764,1,1,1,1,1,1,0,2017/12/11,2018/03/20
10774,1,1,1,1,1,1,1,2017/11/27,2018/03/20
10775,1,1,1,1,1,1,1,2017/12/11,2018/03/20
10773,1,1,1,1,1,1,1,2017/11/27,2018/03/20
10772,1,1,1,1,1,0,0,2017/09/18,2017/10/22
10736,1,1,1,1,0,0,1,2018/01/01,2018/03/20
10737,1,1,1,1,1,0,0,2018/01/01,2018/03/20
10600,1,1,1,1,1,0,0,2017/09/04,2017/10/13
10747,0,0,0,0,0,0,1,2017/10/09,2017/12/17
10745,1,1,1,1,1,0,0,2017/09/04,2017/10/15
10746,1,1,1,1,0,0,1,2017/09/03,2017/12/17
10658,0,0,0,0,0,1,1,2017/09/02,2018/03/18
10652,0,0,0,0,0,0,1,2017/09/03,2018/03/18
10653,0,0,0,0,0,1,0,2017/09/02,2018/03/17
10654,0,0,0,0,0,0,1,2017/10/02,2018/03/18
10655,0,0,0,0,0,1,0,2017/09/02,2018/03/17
10624,1,1,1,1,1,1,1,2017/09/02,2018/03/20
10696,0,0,0,0,1,0,0,2017/09/08,2017/12/08
10695,1,1,1,1,1,0,0,2017/09/18,2017/10/15
10726,1,1,1,1,1,0,0,2017/10/16,2017/10/27
10768,1,1,1,1,1,0,0,2018/01/08,2018/02/11
10770,1,1,1,1,1,0,0,2018/01/08,2018/02/11
10769,1,1,1,1,0,0,1,2017/10/02,2017/11/05
10759,0,0,0,0,0,0,1,2017/09/03,2017/12/17
10729,0,0,0,0,0,1,1,2017/11/13,2017/11/26
10698,0,0,0,0,0,1,0,2017/11/27,2017/12/17
10700,0,0,0,0,0,1,1,2017/11/27,2018/03/18
10699,1,1,1,1,1,1,1,2017/09/02,2018/03/20
10667,1,1,1,1,1,1,1,2017/11/27,2018/03/20
10697,0,0,0,0,0,1,1,2018/01/29,2018/02/18
10702,0,0,0,0,0,0,1,2017/10/23,2017/11/12
10701,0,0,0,0,0,1,1,2017/10/23,2017/11/12
10603,0,0,0,0,0,0,1,2017/12/04,2018/03/18
10660,1,1,1,1,1,1,1,2017/09/04,2018/03/20
10601,0,0,0,0,0,0,1,2017/09/03,2018/03/18
10618,0,0,0,0,0,1,0,2017/12/04,2018/03/17
10619,1,1,1,1,1,1,1,2017/12/11,2018/03/20
10612,1,1,1,1,1,1,0,2017/09/02,2018/03/20
10615,0,0,0,0,0,1,1,2017/10/09,2017/10/29
10614,1,1,1,1,1,1,1,2017/12/11,2018/03/20
10598,1,1,1,1,1,1,1,2017/10/09,2017/10/29
10744,0,0,0,0,0,0,1,2017/09/03,2017/12/17
10738,0,0,0,0,0,1,0,2017/10/09,2017/10/21
10741,0,0,0,0,0,1,0,2017/11/18,2017/11/25
10796,0,0,0,0,0,1,0,2017/11/27,2018/03/17
10785,1,1,1,1,1,1,1,2017/12/11,2018/02/18
10782,1,1,1,1,1,0,0,2017/09/02,2017/12/09
10797,1,1,1,1,1,1,0,2017/12/11,2018/03/20
10798,1,1,1,1,1,0,0,2017/09/02,2017/10/15
10799,1,1,1,1,1,1,0,2018/01/08,2018/02/18
10787,1,1,1,1,1,0,0,2017/09/02,2017/12/09
10784,1,1,1,1,1,1,1,2017/12/10,2018/03/20
10788,1,1,1,1,1,0,0,2017/09/04,2017/11/03
10786,1,1,1,1,1,0,0,2017/09/04,2017/10/15
10794,0,0,0,0,0,1,1,2017/11/27,2017/12/09
10793,1,1,1,1,1,1,1,2017/12/11,2018/03/20
10766,0,0,0,0,0,1,0,2017/12/16,2018/03/17
10789,0,0,0,0,0,1,1,2017/11/27,2018/03/18
10791,0,0,0,0,0,1,0,2017/12/16,2018/01/07
10790,1,1,1,1,1,0,0,2018/01/01,2018/03/20
10783,1,1,1,1,1,1,1,2017/11/27,2017/12/09
10763,0,0,0,0,0,0,1,2017/09/03,2017/12/17
10734,1,1,1,1,0,0,0,2017/10/30,2017/11/23
10765,0,0,0,0,0,1,0,2017/11/27,2018/01/07
11130,0,1,1,1,1,1,0,2017/09/26,2017/10/07
11125,0,1,1,1,1,1,0,2017/10/24,2017/10/28
11148,1,1,1,1,1,0,0,2017/09/25,2017/10/06
11172,1,1,1,1,1,0,0,2018/03/12,2018/03/16
11168,0,1,1,1,1,1,0,2017/10/10,2017/10/14
11134,1,1,1,1,1,0,0,2017/09/25,2017/10/08
11136,0,0,0,0,1,0,0,2017/11/10,2017/11/17
11133,1,1,1,1,1,0,0,2017/09/25,2017/10/08
11131,0,1,1,1,1,1,0,2017/10/16,2017/10/29
11132,0,0,0,0,0,1,0,2017/11/06,2017/11/18
11158,1,1,1,1,1,0,0,2017/11/06,2018/03/20
11159,1,1,1,1,1,0,0,2017/11/13,2018/03/20
11115,1,1,1,1,1,0,0,2017/10/23,2018/03/20
11114,1,1,1,1,1,1,1,2017/09/02,2018/03/20
11122,1,1,1,1,1,1,1,2017/10/23,2017/12/10
11113,1,1,1,1,1,1,1,2017/09/02,2018/03/20
11112,0,0,0,0,0,1,0,2017/12/04,2018/03/17
11151,1,1,1,1,1,1,1,2017/09/02,2018/03/20
11153,1,1,1,1,1,1,1,2017/09/02,2018/03/20
11152,1,1,1,1,1,1,1,2017/09/02,2018/03/20
11157,1,1,1,1,1,1,1,2017/09/02,2018/03/20
11095,1,1,1,1,1,1,1,2017/09/02,2018/03/20
11155,1,1,1,1,1,1,1,2017/09/02,2018/03/20
11098,1,1,1,1,1,0,0,2017/10/16,2017/10/22
11099,1,1,0,0,0,0,0,2017/10/16,2017/10/17
11096,1,1,1,1,1,1,1,2017/09/02,2018/03/20
11139,0,1,1,1,1,1,0,2017/10/31,2017/11/04
11140,0,1,1,1,1,1,0,2017/09/12,2017/09/23
11141,1,1,1,1,1,0,0,2017/09/11,2017/09/22
11138,1,1,1,1,1,0,0,2017/10/30,2017/11/03
11105,1,1,1,1,1,1,1,2017/09/02,2018/03/20
11106,0,0,0,0,0,1,1,2017/09/02,2018/03/18
11104,1,0,0,0,0,0,1,2017/09/02,2018/03/19
11101,0,0,0,0,0,1,1,2017/09/02,2018/03/18
11088,1,1,1,1,1,1,1,2017/09/02,2018/03/20
11094,1,1,1,1,1,1,1,2017/09/02,2018/03/20
11089,1,1,1,1,1,1,1,2017/09/02,2018/03/20
11090,1,0,0,0,0,0,1,2017/09/02,2018/03/19
11092,1,1,1,1,1,1,1,2017/09/02,2018/03/20
11091,0,0,0,0,0,1,1,2017/09/02,2018/03/18
11093,1,1,1,1,1,0,0,2017/11/13,2018/03/20
11120,1,1,1,1,1,1,1,2017/12/11,2018/03/11
11116,1,1,1,1,1,1,1,2017/12/11,2018/03/11
11119,1,1,1,1,1,1,1,2017/09/02,2018/03/20
11118,1,1,1,1,1,1,1,2017/09/02,2018/03/20
11121,1,1,1,1,1,1,1,2017/12/11,2018/03/11
11110,1,1,1,1,1,0,0,2017/10/09,2017/12/08
11111,1,1,1,1,1,0,0,2017/10/02,2017/10/08
11109,0,0,0,1,1,0,0,2017/11/02,2017/11/03
11102,1,1,1,1,1,1,1,2017/09/02,2018/03/20
11103,1,1,1,1,1,1,1,2017/09/02,2018/03/20
11100,0,0,0,0,0,1,1,2017/09/02,2018/03/18
11161,1,1,1,1,1,0,0,2017/10/09,2018/03/20
11164,1,0,0,0,0,0,1,2017/09/02,2018/03/19
11165,1,1,1,1,1,1,1,2017/09/02,2018/03/20
11163,0,0,0,0,0,1,1,2017/09/02,2018/03/18
11162,1,1,1,1,1,1,1,2017/09/02,2018/03/20
11166,1,1,1,1,1,1,1,2017/09/02,2018/03/20
11167,1,1,1,1,1,1,1,2017/09/02,2018/03/20
12642,0,0,0,0,0,1,1,2017/09/03,2017/11/12
12641,0,0,0,0,0,1,1,2017/11/18,2018/03/18
12626,1,1,1,1,1,0,0,2018/01/01,2018/03/20
12625,1,1,1,1,1,0,0,2017/09/04,2017/11/10
12658,1,1,1,1,1,1,1,2017/12/10,2018/03/20
12632,1,1,0,0,0,0,0,2017/09/08,2017/09/12
11620,0,0,0,0,0,1,1,2017/09/09,2017/09/10
12631,0,1,1,1,0,0,0,2017/09/19,2017/09/21
12633,1,1,0,0,0,0,0,2017/09/11,2017/09/12
12629,1,1,1,1,1,1,1,2017/11/13,2018/03/20
12635,1,1,1,1,1,1,1,2017/09/03,2017/11/12
12634,1,1,1,1,1,1,1,2017/09/11,2017/11/12
12648,0,1,1,0,0,0,0,2017/10/03,2017/10/04
12649,1,1,1,1,1,0,0,2017/09/04,2017/11/10
12650,0,0,0,0,0,1,1,2017/09/11,2017/11/12
12651,1,1,1,1,1,1,1,2017/09/03,2017/11/12
12654,1,1,1,1,1,1,1,2017/09/04,2017/11/10
12628,1,1,1,1,1,1,1,2017/09/03,2017/11/12
12643,0,0,0,0,0,1,1,2017/11/18,2017/12/09
12640,1,1,1,1,1,1,1,2017/09/03,2017/11/12
12647,1,1,1,1,1,1,1,2017/11/13,2017/12/09
12653,1,1,1,1,1,0,0,2017/09/04,2017/11/10
12652,0,0,0,0,0,1,1,2017/09/11,2017/11/12
12638,1,1,1,1,1,1,1,2017/09/04,2017/11/10
12636,1,1,1,1,1,1,1,2017/09/04,2017/11/13
12630,1,1,1,1,0,0,0,2017/09/25,2017/10/06
12637,1,1,1,1,1,1,1,2017/11/14,2018/03/20
12645,1,1,1,1,1,1,1,2017/09/03,2017/11/12
12646,1,1,1,1,1,1,1,2017/09/04,2017/11/13
12655,1,1,1,1,1,1,1,2017/09/03,2017/11/12
12657,1,1,1,1,1,1,1,2017/09/03,2017/11/12
12656,0,0,0,0,0,1,1,2017/09/11,2017/12/09
11180,0,1,1,1,1,1,0,2017/10/10,2017/10/21
11177,1,1,1,1,1,0,0,2017/09/11,2017/11/03
11175,0,1,1,1,1,1,0,2017/09/26,2017/10/08
11179,1,1,1,1,1,0,0,2017/09/25,2017/10/08
11585,0,1,1,1,1,1,0,2017/11/13,2017/12/09
11579,0,1,1,1,1,1,0,2017/10/03,2017/11/12
11580,1,1,1,1,1,0,0,2017/10/02,2017/11/12
11582,0,1,1,1,1,1,0,2017/10/03,2017/10/29
11578,1,1,1,1,1,0,0,2017/10/02,2017/10/29
11589,1,1,1,1,1,0,0,2017/09/04,2017/10/20
11575,0,1,1,1,1,1,0,2017/10/23,2017/12/09
11576,0,1,1,1,1,1,0,2017/10/24,2017/12/09
11584,1,1,1,1,1,0,0,2017/11/13,2017/12/08
11583,1,1,1,1,1,0,0,2017/10/02,2017/12/08
11314,0,1,1,1,1,1,0,2017/09/05,2017/12/09
11590,1,1,1,1,1,0,0,2017/09/18,2017/11/12
11587,1,1,1,1,1,0,0,2017/09/18,2017/10/29
11071,0,0,0,0,0,1,0,2017/09/23,2017/09/30
11588,0,1,1,1,1,0,0,2017/09/19,2017/10/27
9410,1,1,1,1,1,0,0,2017/09/27,2017/10/20
9393,0,1,1,1,1,1,0,2017/09/27,2017/10/21
12003,1,1,1,1,1,0,0,2017/10/02,2017/10/15
12006,1,1,1,1,1,0,0,2017/11/13,2017/12/01
12007,1,1,1,1,0,0,0,2017/09/04,2017/10/05
12005,0,1,1,1,1,1,0,2017/09/02,2017/12/09
12010,1,1,1,1,1,0,0,2017/09/04,2017/11/03
12009,1,1,1,1,1,0,0,2017/09/04,2017/10/01
12008,0,1,1,1,1,1,0,2017/09/02,2017/11/04
11695,1,1,1,1,1,1,0,2017/09/02,2017/12/08
11068,1,1,1,1,1,0,0,2017/09/11,2017/09/29
11448,1,1,1,1,1,0,0,2017/09/29,2017/10/06
11450,1,1,1,1,0,0,0,2017/09/11,2017/09/21
11078,1,1,1,1,1,0,0,2017/09/04,2017/09/28
11451,1,1,1,1,1,0,0,2017/09/04,2017/09/17
11452,1,1,1,1,1,0,0,2017/09/11,2017/10/06
11454,1,1,1,1,1,0,0,2017/09/11,2017/09/28
11455,0,0,0,0,1,0,0,2017/09/04,2017/09/17
11444,1,1,1,1,1,0,0,2017/09/04,2017/10/06
11443,1,1,1,1,1,0,0,2017/09/15,2017/09/28
11447,1,1,1,1,1,0,0,2017/09/11,2017/09/28
11441,0,0,0,0,0,1,1,2017/09/30,2017/10/08
11442,1,1,1,1,1,0,0,2017/09/18,2017/09/28
11440,0,1,1,1,1,1,0,2017/09/12,2017/09/23
11445,1,1,1,1,1,0,0,2017/09/04,2017/10/06
11063,0,1,1,1,1,1,0,2017/09/02,2017/09/30
12014,0,1,1,1,1,1,0,2017/09/05,2017/09/24
12015,1,1,1,1,1,0,0,2017/09/04,2017/09/24
11066,0,1,1,1,1,1,0,2017/09/05,2017/09/30
11067,1,1,1,1,1,0,0,2017/09/11,2017/09/30
11073,0,1,1,1,1,1,0,2017/09/02,2017/09/23
11077,1,1,1,1,1,0,0,2017/09/04,2017/09/17
9390,1,1,1,1,1,0,0,2017/10/02,2017/10/06
9418,1,1,1,1,1,0,0,2017/10/09,2017/10/13
9383,0,1,1,1,1,0,0,2017/10/03,2017/10/06
9403,0,1,1,1,1,1,0,2017/10/10,2017/10/14
9414,1,1,1,1,0,0,0,2017/10/02,2017/10/05
9407,0,1,1,1,1,0,0,2017/10/10,2017/10/13
9382,1,1,1,1,0,0,0,2017/10/09,2017/10/12
11065,0,1,1,1,1,1,0,2017/09/02,2017/09/09
11074,0,1,1,1,1,1,0,2017/09/02,2017/09/16
11075,0,1,1,1,1,1,0,2017/09/02,2017/09/15
11076,0,1,1,1,1,1,0,2017/09/16,2017/09/30
11062,0,0,0,0,0,1,0,2017/09/05,2017/09/30
11064,0,1,1,1,1,1,0,2017/09/12,2017/09/30
11084,1,1,1,1,1,1,0,2017/09/02,2017/09/09
11085,1,1,1,1,1,0,0,2017/09/04,2017/09/08
11086,1,1,1,1,1,0,0,2017/09/18,2017/09/29
11087,1,1,1,1,1,0,0,2017/09/04,2017/09/10
10800,0,0,0,0,0,0,1,2017/10/01,2017/10/13
10807,0,1,1,1,1,1,0,2017/09/02,2017/12/09
10806,1,1,1,1,1,0,0,2017/09/04,2017/12/08
10805,1,1,1,1,1,0,0,2017/10/09,2017/11/30
10823,1,1,1,1,1,0,0,2017/10/09,2017/11/30
10821,0,1,1,0,0,0,0,2017/10/31,2017/11/10
10822,0,1,1,1,1,1,0,2017/10/10,2017/12/01
10809,1,1,1,1,1,0,0,2017/10/30,2017/12/08
10811,0,1,1,1,1,1,0,2017/10/30,2017/12/09
10814,1,0,0,0,0,0,0,2017/10/02,2017/10/23
10812,0,1,1,1,1,1,0,2017/10/30,2017/12/09
10803,1,1,1,1,1,0,0,2017/10/30,2017/12/08
10802,1,1,1,1,1,0,0,2017/10/16,2017/11/03
10826,1,1,1,1,1,0,0,2017/10/30,2017/12/08
10825,0,0,0,0,0,0,1,2017/09/30,2017/10/22
9384,0,0,0,0,0,1,1,2017/10/14,2017/10/22
9385,0,0,0,0,0,0,1,2017/10/01,2017/10/22
9398,0,0,0,0,0,0,1,2017/10/01,2017/10/22
9389,0,0,0,0,0,1,0,2017/09/30,2017/10/21
9394,0,0,0,0,1,1,0,2017/09/29,2017/10/21
9401,0,0,0,0,1,1,1,2017/09/29,2017/10/22
10817,1,1,1,1,0,0,1,2017/09/10,2017/10/01
10810,1,1,1,1,1,0,0,2017/10/30,2017/12/08
10801,0,1,1,1,1,1,0,2017/10/17,2017/11/04
10815,1,1,1,1,1,0,0,2017/09/04,2017/10/15
11311,1,1,1,1,1,0,0,2017/09/25,2017/10/08
11310,1,1,1,1,1,0,0,2017/10/09,2017/10/20
11309,1,1,1,1,1,1,1,2017/09/02,2017/12/10
11317,0,0,0,0,0,1,1,2017/10/02,2017/10/22
11315,0,0,0,0,0,1,1,2017/09/30,2017/10/01
11316,0,0,0,0,0,1,0,2017/10/02,2017/10/21
11318,0,1,1,1,1,1,0,2017/09/26,2017/10/21
11313,1,1,1,1,1,0,0,2017/09/25,2017/10/20
11322,1,1,1,1,1,0,0,2017/09/11,2017/11/05
9412,0,0,0,0,0,1,1,2017/09/30,2017/10/22
9392,0,0,0,0,0,1,0,2017/09/30,2017/10/21
9419,1,0,0,0,0,0,1,2017/10/01,2017/10/22
11323,1,1,1,1,1,0,0,2017/10/09,2017/10/20
11319,1,1,1,1,1,0,0,2017/09/11,2017/11/10
11321,1,1,1,1,1,0,0,2017/10/23,2017/11/03
11320,1,1,1,1,1,0,0,2017/09/11,2017/10/20
11312,1,1,1,1,1,0,0,2017/09/25,2017/11/03
11623,0,1,1,1,1,1,0,2017/09/02,2017/09/16
11692,0,1,1,1,1,1,0,2017/10/03,2017/10/21
11664,0,0,0,0,0,1,0,2017/10/07,2017/11/04
11694,0,0,0,0,0,0,1,2017/10/08,2017/10/22
11665,0,0,0,0,0,0,1,2017/10/08,2017/11/05
11663,0,0,0,0,0,1,1,2017/10/07,2017/11/05
9417,0,0,0,0,0,1,1,2017/09/30,2017/10/01
12660,1,1,1,1,1,0,0,2017/09/25,2017/10/06
11624,1,1,1,1,1,1,1,2017/11/27,2018/02/25
11622,1,1,1,1,1,1,1,2017/11/27,2018/03/19
11650,0,1,1,1,1,1,0,2017/09/11,2017/10/01
11648,0,1,1,1,1,1,0,2017/09/19,2017/10/01
11668,0,0,0,0,0,0,1,2018/01/07,2018/01/14
11667,0,0,0,0,0,1,0,2018/01/06,2018/01/13
11669,0,0,0,0,0,1,1,2018/01/06,2018/01/14
11670,0,0,0,0,0,1,0,2017/10/14,2017/11/04
11654,0,0,0,0,0,1,1,2018/01/22,2018/03/04
11653,1,1,1,1,1,1,1,2018/01/01,2018/03/04
11681,1,1,1,1,1,1,1,2018/01/29,2018/03/05
11678,0,0,0,0,0,1,1,2018/02/03,2018/02/04
11607,0,0,0,0,0,1,1,2017/09/02,2018/03/04
11618,1,1,1,1,1,1,1,2017/09/02,2018/03/16
11605,1,1,1,1,1,1,1,2017/09/02,2018/03/20
11619,1,1,1,1,1,1,1,2017/09/02,2018/03/15
11604,0,0,0,0,0,1,1,2017/10/02,2018/03/04
11610,1,1,1,1,1,1,1,2017/09/02,2018/03/20
11629,1,1,1,1,1,1,1,2017/12/10,2018/01/07
11612,1,1,1,1,1,0,0,2018/01/22,2018/02/02
11602,1,1,1,1,1,1,1,2017/09/10,2018/03/09
11598,0,0,0,0,0,1,1,2017/10/02,2018/03/04
11603,1,1,1,1,1,1,1,2017/09/10,2018/03/09
11600,0,0,0,0,0,1,1,2017/09/03,2018/03/04
11599,1,1,1,1,1,1,1,2017/09/03,2018/03/20
11601,1,1,1,1,1,1,1,2017/09/09,2018/03/08
11595,1,1,1,1,1,1,1,2017/09/04,2018/03/20
11594,0,0,0,0,0,1,1,2017/10/02,2018/03/04
11596,1,1,1,1,1,1,1,2017/09/03,2018/03/20
11634,1,1,1,1,1,1,1,2017/11/20,2018/03/20
11617,1,1,1,1,1,1,1,2017/09/02,2018/03/20
11592,0,0,0,0,0,1,1,2017/11/20,2018/01/28
11636,1,1,1,1,1,1,1,2017/11/27,2018/01/28
11635,1,1,1,1,1,1,1,2017/10/23,2018/03/20
11591,0,0,0,0,0,1,1,2017/11/20,2018/01/28
11593,1,1,1,1,1,1,1,2017/09/02,2018/03/20
11626,1,1,1,1,1,1,1,2017/09/02,2018/03/20
11661,1,1,1,1,1,1,1,2017/09/02,2017/12/09
11633,0,0,0,0,0,1,1,2017/10/02,2017/11/26
11657,1,0,0,0,0,0,1,2017/09/18,2017/11/26
11658,1,0,0,0,0,0,1,2017/09/18,2017/11/26
11660,1,1,1,1,1,1,1,2017/09/11,2018/03/20
11625,1,1,1,1,1,1,1,2017/09/02,2018/03/20
11659,0,0,0,0,0,1,1,2017/10/23,2017/11/12
11662,1,1,1,1,1,1,1,2017/09/02,2018/03/20
11609,0,0,0,0,0,1,1,2017/09/02,2017/12/24
11608,0,0,0,0,0,1,1,2017/10/02,2017/12/17
11611,0,0,0,0,0,1,0,2017/11/13,2018/03/03
11676,0,0,0,0,0,1,1,2017/10/02,2017/10/29
11677,0,0,0,0,1,0,0,2018/03/09,2018/03/16
11642,0,0,0,0,0,1,1,2017/09/23,2017/09/24
11637,0,0,0,0,0,1,1,2017/10/02,2018/03/18
11640,1,1,1,1,1,0,0,2017/09/04,2018/03/20
11639,0,0,0,0,0,1,1,2017/10/02,2018/01/21
11638,1,1,1,1,1,1,1,2017/09/02,2018/03/20
11641,0,0,0,0,0,1,0,2017/11/13,2018/03/17
11671,0,0,0,0,0,1,1,2018/03/10,2018/03/18
11643,1,1,1,1,1,1,1,2017/09/02,2018/03/20
11606,1,1,1,1,1,1,1,2017/09/02,2018/03/15
11597,1,1,1,1,1,1,1,2017/09/03,2018/03/07
11644,1,1,1,1,1,1,0,2017/09/02,2018/03/20
11645,0,0,0,0,1,1,0,2018/01/26,2018/01/27
11647,0,0,0,0,0,0,1,2017/10/02,2018/03/18
11656,1,1,1,1,1,0,0,2017/09/18,2017/09/30
11630,0,0,0,0,0,1,1,2017/10/23,2017/11/12
11631,1,1,1,1,1,1,1,2017/09/11,2018/03/20
11627,0,0,0,0,0,1,1,2017/10/02,2017/11/26
11632,0,0,0,0,0,1,1,2017/09/11,2017/11/26
11628,1,1,1,1,1,1,1,2017/09/02,2018/03/20
11616,0,0,0,0,0,1,0,2017/10/02,2017/11/05
11675,0,0,0,0,0,1,1,2017/10/02,2017/10/29
